CodeMarkScore,aggregation_view,attack_row_count,attack_seconds_mean_per_row,attack_seconds_total,attacked_line_count_total,attacked_pass_preservation,attacked_standardized_token_count_total,attacked_test_pass_rate,clean_compile_success_rate,clean_generation_line_count_total,clean_generation_seconds_mean_per_task,clean_generation_seconds_per_1k_token,clean_generation_seconds_total,clean_generation_standardized_token_count_total,clean_pass@1,clean_test_pass_rate,core_score,cross_family_transfer,detection_seconds_mean_per_task,detection_seconds_total,detection_separability,duration_hours_mean,duration_hours_total,duration_seconds_mean,duration_seconds_total,efficiency,efficiency_conditioned,gate,generalization,generalization_available_axes,generalization_status,generalization_supported,headline_core_score,headline_generalization,language,language_stability,method,negative_control_fpr,negative_control_support_rate,raw_composite_strict,raw_core_score_strict,raw_generalization_strict,raw_robustness_strict,raw_utility_strict,report_count,robustness,robustness_status,robustness_support_rate,row_count,scale_consistency,scale_supported_families,scale_supported_family_count,score_semantics,score_version,source_stability,stealth,stealth_conditioned,stress_robustness,table_role,task_count,task_stability,total_example_seconds_mean_per_task,total_example_seconds_total,utility,utility_status,utility_support_rate,validation_seconds_mean_per_task,validation_seconds_total,watermarked_generation_seconds_mean_per_task,watermarked_generation_seconds_per_1k_token,watermarked_generation_seconds_total,watermarked_generation_standardized_token_count_total,watermarked_line_count_total,watermarked_pass@1,watermarked_pass_preservation,watermarked_test_pass_rate
0.1592,descriptive_method_language_rollup,7490,0.0264,197.5271,198904,0.2,656109,0.0019,0.0056,29651,6.0577,67.6132,6481.7415,95865,0.0009,0.0009,0.6115,0.9996,0.3457,369.8564,0.6606,1.2738,31.8454,4585.7348,114643.37,0.9975,0.805,0.2,0.9993,"['source_stability', 'task_stability', 'cross_family_transfer']",supported_nonzero,True,0.6338,0.9993,cpp,,STONE,0.1508,1.0,0.0,0.0,0.0,0.0,0.0423,25,0.4397,supported_nonzero,0.75,7490,0.0,['qwen25'],1,scorecard_recomputed_from_grouped_benchmark_rows,codemarkbench-suite-v8-core-stress-public-summary,0.9991,0.5059,0.5725,0.489,repo_descriptive_method_language_rollup,1070,0.9992,14.0306,15012.7721,0.6496,supported_nonzero,1.0,1.5792,1689.7781,5.8634,66.5006,6273.869,94343,29340,0.0019,0.2,0.0019
0.2826,descriptive_method_language_rollup,7490,0.282,2111.9461,206056,0.3714,733320,0.0067,0.0121,30839,7.3865,73.5978,7903.518,107388,0.0065,0.0065,0.545,0.993,18.8123,20129.1396,0.7151,3.0093,75.2334,10833.6068,270840.17,0.7635,0.7037,0.3714,0.9957,"['source_stability', 'task_stability', 'cross_family_transfer']",supported_nonzero,True,0.5814,0.9959,cpp,,SWEET,0.0,1.0,0.0,0.0,0.0,0.0,0.1,25,0.2924,supported_nonzero,0.75,7490,0.0,['qwen25'],1,scorecard_recomputed_from_grouped_benchmark_rows,codemarkbench-suite-v8-core-stress-public-summary,0.9967,0.4781,0.5573,0.4334,repo_descriptive_method_language_rollup,1070,0.9975,39.8868,42678.8351,0.65,supported_nonzero,1.0,2.1254,2274.15,9.5889,96.9679,10260.0815,105809,30531,0.0065,0.3714,0.0065
0.2783,descriptive_method_language_rollup,7490,1.0328,7735.6402,209858,0.3714,732880,0.0084,0.0112,30729,8.2925,83.0185,8872.9302,106879,0.0065,0.0065,0.5204,0.9819,76.476,81829.352,0.7674,7.4027,185.068,26649.7968,666244.92,0.6863,0.6681,0.3714,0.9875,"['source_stability', 'task_stability', 'cross_family_transfer']",supported_nonzero,True,0.5682,0.9881,cpp,,EWD,0.0,0.9995,0.0,0.0,0.0,0.0,0.114,25,0.2523,supported_nonzero,0.75,7490,0.0,['qwen25'],1,scorecard_recomputed_from_grouped_benchmark_rows,codemarkbench-suite-v8-core-stress-public-summary,0.9897,0.4671,0.5511,0.4564,repo_descriptive_method_language_rollup,1070,0.991,106.6579,114123.9926,0.6506,supported_nonzero,1.0,2.6997,2888.7123,11.9601,121.0919,12797.3578,105683,31198,0.0075,0.3714,0.0075
0.1405,descriptive_method_language_rollup,7490,0.0235,175.7969,207166,0.4,734991,0.0077,0.0103,30265,6.7195,67.8826,7189.85,105916,0.0047,0.0047,0.4641,0.9951,0.1855,198.4468,0.5561,5.0266,125.6659,18095.892,452397.3,0.1087,0.2659,0.2,0.9975,"['source_stability', 'task_stability', 'cross_family_transfer']",supported_nonzero,True,0.4946,0.9976,cpp,,KGW,0.0,1.0,0.0,0.0,0.0,0.0,0.0884,25,0.4081,supported_nonzero,0.75,7490,0.0,['qwen25'],1,scorecard_recomputed_from_grouped_benchmark_rows,codemarkbench-suite-v8-core-stress-public-summary,0.9989,0.4759,0.5563,0.4277,repo_descriptive_method_language_rollup,1070,0.9985,70.9719,75939.9716,0.6507,supported_nonzero,1.0,1.7052,1824.5458,62.1975,627.8131,66551.332,106005,30723,0.0075,0.2,0.0075
0.0,descriptive_method_language_rollup,6440,0.0041,26.3692,199694,0.0,599865,0.0,1.0,29751,6.0631,60.8751,5578.0444,91631,0.0,0.0,0.0,0.0,0.0714,65.6723,0.0,1.4342,28.6847,5163.2435,103264.87,0.9555,0.7837,0.0,0.0,"['source_stability', 'task_stability', 'cross_family_transfer']",supported_zero,True,0.2373,0.05,go,,STONE,1.0,0.0,0.0,0.0,0.0,0.0,0.0,20,0.0,supported_zero,1.0,6440,0.0,['qwen25'],1,scorecard_recomputed_from_grouped_benchmark_rows,codemarkbench-suite-v8-core-stress-public-summary,0.0,0.4747,0.5514,0.0,repo_descriptive_method_language_rollup,920,0.0,12.3162,11330.8601,0.6429,supported_nonzero,1.0,0.1131,104.0556,6.0399,63.8512,5556.7186,87026,29655,0.0,0.0,0.0
0.0,descriptive_method_language_rollup,6440,0.391,2518.2927,205012,0.0,658443,0.0,1.0,30830,6.9796,66.7748,6421.2022,96162,0.0,0.0,0.5022,0.993,19.0113,17490.4358,0.7006,3.1538,63.0764,11353.7505,227075.01,0.7307,0.6858,0.0,0.9967,"['source_stability', 'task_stability', 'cross_family_transfer']",supported_nonzero,True,0.5348,0.9969,go,,SWEET,0.0,1.0,0.0,0.0,0.0,0.0,0.0,20,0.1873,supported_nonzero,1.0,6440,0.0,['qwen25'],1,scorecard_recomputed_from_grouped_benchmark_rows,codemarkbench-suite-v8-core-stress-public-summary,0.9993,0.4771,0.5546,0.3418,repo_descriptive_method_language_rollup,920,0.9978,38.4699,35392.3026,0.6451,supported_nonzero,1.0,0.2246,206.6496,9.5171,92.0067,8755.7223,95164,30547,0.0,0.0,0.0
0.0,descriptive_method_language_rollup,6440,1.9172,12346.5534,205621,0.0,662080,0.0,1.0,30686,7.8896,75.7203,7258.3943,95858,0.0,0.0,0.4332,0.9892,87.779,80756.7099,0.761,8.133,162.6603,29278.856,585577.12,0.6343,0.6397,0.0,0.9854,"['source_stability', 'task_stability', 'cross_family_transfer']",supported_nonzero,True,0.4961,0.9861,go,,EWD,0.0,0.9969,0.0,0.0,0.0,0.0,0.0,20,0.1114,supported_nonzero,1.0,6440,0.0,['qwen25'],1,scorecard_recomputed_from_grouped_benchmark_rows,codemarkbench-suite-v8-core-stress-public-summary,0.9844,0.4688,0.5498,0.382,repo_descriptive_method_language_rollup,920,0.9826,121.9488,112192.8538,0.6452,supported_nonzero,1.0,0.4478,411.9526,12.4122,119.3645,11419.2436,95667,30644,0.0,0.0,0.0
0.0,descriptive_method_language_rollup,6440,0.0046,29.5113,209367,0.0,664953,0.0,1.0,30243,6.5085,62.34,5987.823,96051,0.0,0.0,0.4546,0.9965,0.1621,149.1639,0.6239,5.5172,110.3443,19861.9805,397239.61,0.1013,0.2552,0.0,0.9982,"['source_stability', 'task_stability', 'cross_family_transfer']",supported_nonzero,True,0.4855,0.9983,go,,KGW,0.0,1.0,0.0,0.0,0.0,0.0,0.0,20,0.3429,supported_nonzero,1.0,6440,0.0,['qwen25'],1,scorecard_recomputed_from_grouped_benchmark_rows,codemarkbench-suite-v8-core-stress-public-summary,0.9996,0.4807,0.5557,0.3898,repo_descriptive_method_language_rollup,920,0.9986,71.3297,65623.2852,0.6427,supported_nonzero,1.0,0.0966,88.8471,64.5304,615.4988,59367.94,96455,31334,0.0,0.0,0.0
0.158,descriptive_method_language_rollup,7735,0.0277,214.3378,213338,0.1959,730510,0.008,0.0136,30788,5.861,61.1364,6476.4283,105934,0.0081,0.0081,0.6012,0.9997,0.335,370.1795,0.6386,1.2738,31.8454,4585.7348,114643.37,0.9747,0.7973,0.2,0.9991,"['source_stability', 'task_stability', 'cross_family_transfer']",supported_nonzero,True,0.6244,0.9991,java,,STONE,0.1513,1.0,0.0,0.0,0.0,0.0,0.0713,25,0.419,supported_nonzero,0.75,7735,0.0,['qwen25'],1,scorecard_recomputed_from_grouped_benchmark_rows,codemarkbench-suite-v8-core-stress-public-summary,0.999,0.5087,0.5755,0.4746,repo_descriptive_method_language_rollup,1105,0.9986,14.1365,15620.8749,0.6521,supported_nonzero,1.0,1.7605,1945.342,5.9861,62.8261,6614.5872,105284,31800,0.0081,0.2,0.0081
0.1507,descriptive_method_language_rollup,7735,0.3055,2362.77,219707,0.2,781993,0.0025,0.0027,32516,7.1353,69.2252,7884.5464,113897,0.0009,0.0009,0.5296,0.9968,20.6798,22851.1342,0.705,3.0093,75.2334,10833.6068,270840.17,0.7199,0.6833,0.2,0.9953,"['source_stability', 'task_stability', 'cross_family_transfer']",supported_nonzero,True,0.57,0.9955,java,,SWEET,0.0,1.0,0.0,0.0,0.0,0.0,0.0485,25,0.2669,supported_nonzero,0.75,7735,0.0,['qwen25'],1,scorecard_recomputed_from_grouped_benchmark_rows,codemarkbench-suite-v8-core-stress-public-summary,0.9932,0.498,0.5686,0.4269,repo_descriptive_method_language_rollup,1105,0.9959,43.3312,47880.9907,0.6497,supported_nonzero,1.0,3.4862,3852.2262,9.8917,96.9868,10930.3139,112699,32890,0.0027,0.2,0.0027
0.1489,descriptive_method_language_rollup,7735,0.9977,7717.2643,217261,0.2,797862,0.0036,0.0063,32636,7.7228,75.1924,8533.735,113492,0.0027,0.0027,0.5078,0.997,79.4235,87762.9995,0.7564,7.4027,185.068,26649.7968,666244.92,0.6524,0.6514,0.2,0.9873,"['source_stability', 'task_stability', 'cross_family_transfer']",supported_nonzero,True,0.5611,0.9879,java,,EWD,0.0,1.0,0.0,0.0,0.0,0.0,0.0547,25,0.2393,supported_nonzero,0.75,7735,0.0,['qwen25'],1,scorecard_recomputed_from_grouped_benchmark_rows,codemarkbench-suite-v8-core-stress-public-summary,0.98,0.4855,0.5619,0.4505,repo_descriptive_method_language_rollup,1105,0.9849,111.3664,123059.9158,0.6506,supported_nonzero,1.0,5.1666,5709.0872,12.0695,115.921,13336.8298,115051,32496,0.0036,0.2,0.0036
0.1397,descriptive_method_language_rollup,7735,0.0247,191.3923,213683,0.2,795229,0.0036,0.0036,32870,6.539,62.5337,7225.6406,115548,0.0018,0.0018,0.457,0.9968,0.1488,164.385,0.574,5.0266,125.6659,18095.892,452397.3,0.1034,0.2593,0.2,0.9981,"['source_stability', 'task_stability', 'cross_family_transfer']",supported_nonzero,True,0.4886,0.9982,java,,KGW,0.0,1.0,0.0,0.0,0.0,0.0,0.0547,25,0.3722,supported_nonzero,0.75,7735,0.0,['qwen25'],1,scorecard_recomputed_from_grouped_benchmark_rows,codemarkbench-suite-v8-core-stress-public-summary,0.9992,0.4895,0.564,0.4008,repo_descriptive_method_language_rollup,1105,0.9982,71.3015,78788.1103,0.6502,supported_nonzero,1.0,1.6154,1784.9684,62.8251,605.6315,69421.7239,114627,31911,0.0036,0.2,0.0036
0.0,descriptive_method_language_rollup,7700,0.004,30.5889,198216,0.3684,641878,0.0411,1.0,29585,5.5275,65.3027,6080.2721,93109,0.0427,0.0427,0.0,0.0,0.0579,63.6452,0.0,1.2738,31.8454,4585.7348,114643.37,0.9713,0.8014,0.0,0.0,"['source_stability', 'task_stability', 'cross_family_transfer']",supported_zero,True,0.2972,0.05,javascript,,STONE,1.0,0.0,0.0,0.0,0.0,0.0,0.1834,25,0.1025,supported_nonzero,1.0,7700,0.0,['qwen25'],1,scorecard_recomputed_from_grouped_benchmark_rows,codemarkbench-suite-v8-core-stress-public-summary,0.0,0.4563,0.5492,0.1217,repo_descriptive_method_language_rollup,1100,0.0,11.5247,12677.1899,0.6613,supported_nonzero,1.0,0.2332,256.4827,5.6784,67.2973,6246.201,92815,29601,0.04,0.365,0.04
0.2529,descriptive_method_language_rollup,7700,0.5107,3932.4529,189244,0.3412,692822,0.0261,1.0,28724,6.7634,73.5877,7439.7175,101100,0.0327,0.0327,0.563,0.9966,24.4793,26927.2062,0.7489,3.0093,75.2334,10833.6068,270840.17,0.7197,0.6855,0.3294,0.9981,"['source_stability', 'task_stability', 'cross_family_transfer']",supported_nonzero,True,0.5905,0.9982,javascript,,SWEET,0.0,1.0,0.0,0.0,0.0,0.0,0.1514,25,0.3136,supported_nonzero,1.0,7700,0.0,['qwen25'],1,scorecard_recomputed_from_grouped_benchmark_rows,codemarkbench-suite-v8-core-stress-public-summary,0.999,0.4668,0.5527,0.4359,repo_descriptive_method_language_rollup,1100,0.9988,44.6223,49084.4808,0.6545,supported_nonzero,1.0,0.3021,332.2983,9.5026,104.0101,10452.8059,100498,28312,0.0236,0.3294,0.0236
0.2612,descriptive_method_language_rollup,7700,1.6278,12534.1549,188585,0.3422,695312,0.0258,1.0,28549,7.2969,80.4584,8026.6111,99761,0.0318,0.0318,0.5491,0.9962,80.3208,88352.8261,0.8198,7.4027,185.068,26649.7968,666244.92,0.6498,0.6526,0.3419,0.9954,"['source_stability', 'task_stability', 'cross_family_transfer']",supported_nonzero,True,0.5862,0.9956,javascript,,EWD,0.0,0.998,0.0,0.0,0.0,0.0,0.1496,25,0.2879,supported_nonzero,1.0,7700,0.0,['qwen25'],1,scorecard_recomputed_from_grouped_benchmark_rows,codemarkbench-suite-v8-core-stress-public-summary,0.995,0.4623,0.5505,0.4656,repo_descriptive_method_language_rollup,1100,0.9949,110.8253,121907.8537,0.6555,supported_nonzero,1.0,0.4452,489.7691,11.3677,124.1535,12504.4924,100718,28153,0.0236,0.3419,0.0236
0.2864,descriptive_method_language_rollup,7700,0.006,46.2149,187790,0.4,687061,0.0355,1.0,29259,6.0691,66.8909,6675.9745,99804,0.0318,0.0318,0.4837,0.9974,0.158,173.7597,0.6305,5.0266,125.6659,18095.892,452397.3,0.1011,0.2578,0.4,0.9983,"['source_stability', 'task_stability', 'cross_family_transfer']",supported_nonzero,True,0.5136,0.9984,javascript,,KGW,0.0,1.0,0.0,0.0,0.0,0.0,0.1677,25,0.4521,supported_nonzero,1.0,7700,0.0,['qwen25'],1,scorecard_recomputed_from_grouped_benchmark_rows,codemarkbench-suite-v8-core-stress-public-summary,0.9991,0.4667,0.5542,0.4975,repo_descriptive_method_language_rollup,1100,0.9984,66.5356,73189.1677,0.6584,supported_nonzero,1.0,0.2496,274.6016,60.0169,663.537,66018.617,99495,28050,0.0336,0.4,0.0336
0.2391,descriptive_method_language_rollup,7840,0.0034,26.2997,175597,0.3028,652753,0.0225,0.0455,26438,5.1692,60.2004,5789.4679,96170,0.025,0.025,0.614,0.9999,0.2744,307.3172,0.6443,1.2738,31.8454,4585.7348,114643.37,0.9768,0.7977,0.3,0.9992,"['source_stability', 'task_stability', 'cross_family_transfer']",supported_nonzero,True,0.6358,0.9992,python,,STONE,0.1871,1.0,0.0,0.1092,0.0,0.102,0.1385,25,0.487,supported_nonzero,0.95,7840,0.0,['qwen25'],1,scorecard_recomputed_from_grouped_benchmark_rows,codemarkbench-suite-v8-core-stress-public-summary,0.9991,0.4563,0.5436,0.4891,repo_descriptive_method_language_rollup,1120,0.9986,10.6192,11893.535,0.6516,supported_nonzero,1.0,0.0011,1.2542,5.1511,61.4568,5769.1961,93874,26366,0.0241,0.3,0.0241
0.3046,descriptive_method_language_rollup,7840,0.2327,1824.5853,176324,0.3995,725452,0.0182,0.0321,26989,6.4102,67.7415,7179.377,105982,0.017,0.017,0.5504,0.9978,20.8444,23345.7523,0.7349,3.0093,75.2334,10833.6068,270840.17,0.7099,0.677,0.4,0.9972,"['source_stability', 'task_stability', 'cross_family_transfer']",supported_nonzero,True,0.5816,0.9973,python,,SWEET,0.0,1.0,0.0,0.0,0.0,0.0,0.1339,25,0.3149,supported_nonzero,0.85,7840,0.0,['qwen25'],1,scorecard_recomputed_from_grouped_benchmark_rows,codemarkbench-suite-v8-core-stress-public-summary,0.997,0.4336,0.5296,0.4619,repo_descriptive_method_language_rollup,1120,0.9968,37.9526,42506.9096,0.647,supported_nonzero,1.0,0.0023,2.5792,9.0666,96.5369,10154.6158,105189,26786,0.0179,0.4,0.0179
0.2242,descriptive_method_language_rollup,7840,0.6185,4849.3521,177809,0.3042,723395,0.0135,0.0375,27076,6.7657,71.1317,7577.5838,106529,0.0223,0.0223,0.4963,0.9948,58.6701,65710.5374,0.7605,7.4027,185.068,26649.7968,666244.92,0.6719,0.6575,0.3043,0.9933,"['source_stability', 'task_stability', 'cross_family_transfer']",supported_nonzero,True,0.5462,0.9936,python,,EWD,0.0,1.0,0.0,0.0,0.0,0.0,0.1237,25,0.2177,supported_nonzero,0.85,7840,0.0,['qwen25'],1,scorecard_recomputed_from_grouped_benchmark_rows,codemarkbench-suite-v8-core-stress-public-summary,0.9895,0.4249,0.5236,0.4559,repo_descriptive_method_language_rollup,1120,0.9955,79.8845,89470.6948,0.6456,supported_nonzero,1.0,0.0019,2.0791,10.1171,108.1701,11331.1424,104753,27074,0.0125,0.3043,0.0125
0.2744,descriptive_method_language_rollup,7840,0.0016,12.4794,182376,0.4,756352,0.0178,0.0304,27232,5.8425,60.7777,6543.6347,107665,0.0161,0.0161,0.4685,0.9978,0.1761,197.1892,0.6455,5.0266,125.6659,18095.892,452397.3,0.0983,0.2523,0.3882,0.9985,"['source_stability', 'task_stability', 'cross_family_transfer']",supported_nonzero,True,0.5005,0.9986,python,,KGW,0.0,1.0,0.0,0.0,0.0,0.0,0.1286,25,0.4156,supported_nonzero,0.85,7840,0.0,['qwen25'],1,scorecard_recomputed_from_grouped_benchmark_rows,codemarkbench-suite-v8-core-stress-public-summary,0.9993,0.4319,0.5289,0.4748,repo_descriptive_method_language_rollup,1120,0.9983,66.5999,74591.9214,0.6478,supported_nonzero,1.0,0.0011,1.2762,60.5691,620.3462,67837.3419,109354,27630,0.0161,0.3882,0.0161
